Workbook

Sheet Rides
A1: Orlando theme park rides: EPCOT, Animal Kingdom, Epic Universe (researched Oct 2026)
A2: Florence's height (inches): | C2: 35.5 | D2: ← edit the yellow cell; the "Florence can ride?" column recalculates. See the Sources & Notes tab for caveats.
A4: Park | B4: Land / area | C4: Ride | D4: Ride type | E4: Min height (in) | F4: Height notes | G4: Florence can ride? | H4: Movie / franchise theming | I4: Watch-ahead pick (rating, notes) | J4: Line-skip system (Disney Lightning Lane / Universal Express) | K4: Single rider line? | L4: Duplicates a California ride? | M4: California notes | N4: Wandering in Disney rank (rides only) | O4: Wandering in Disney rank (all attractions in park) | P4: Status / notes
A5: EPCOT | B5: World Discovery | C5: Guardians of the Galaxy: Cosmic Rewind | D5: Indoor spinning coaster (reverse launch) | E5: 42 | G5: =IF(E5="","Yes",IF($C$2>=E5,"Yes","Not yet")) -> Not yet | H5: Guardians of the Galaxy (Marvel) | I5: Guardians of the Galaxy (2014), PG-13. Grown-ups only; Florence can't ride. | J5: Lightning Lane Single Pass only (separate purchase) | K5: No | L5: Same IP only | M5: DCA's Guardians: Mission BREAKOUT! is a totally different ride (drop tower) | N5: 1 | O5: #1 of 20 | P5: Wandering in Disney's #1 in the park.
A6: EPCOT | B6: World Discovery | C6: Test Track | D6: Car-themed high-speed dark ride | E6: 40 | G6: =IF(E6="","Yes",IF($C$2>=E6,"Yes","Not yet")) -> Not yet | H6: None (original car-design concept, Chevrolet) | I6: — | J6: Multi Pass – Tier 1 | K6: Yes | L6: Partial | M6: Same ride system as Radiator Springs Racers (DCA), but different theme/show | N6: 2 | O6: #3 of 20 | P6: Reimagined version reopened July 2025. Single rider: everyone must be 7+.
A7: EPCOT | B7: World Nature | C7: Soarin' Across America | D7: Hang-glider flight simulator (film) | E7: 40 | G7: =IF(E7="","Yes",IF($C$2>=E7,"Yes","Not yet")) -> Not yet | H7: None (aerial film of U.S. landscapes) | I7: — | J7: Multi Pass – Tier 2 | K7: No | L7: Yes | M7: Same ride and same new film at Disney California Adventure (opened there July 2, 2026) | N7: 3 | O7: #4 of 20 | P7: New film debuted May 26, 2026 (replaced Soarin' Around the World).
A8: EPCOT | B8: World Celebration | C8: Spaceship Earth | D8: Slow omnimover dark ride inside the geodesic sphere | F8: No minimum | G8: =IF(E8="","Yes",IF($C$2>=E8,"Yes","Not yet")) -> Yes | H8: None (original history-of-communication story) | I8: — | J8: Multi Pass – Tier 2 | K8: No | L8: No | N8: 4 | O8: #5 of 20 | P8: Disney announced a major reimagining at D23 (Aug 2026), with closure dates not yet set. Check that it's still open before you go.
A9: EPCOT | B9: World Nature | C9: Living with the Land | D9: Gentle boat ride through greenhouses | F9: No minimum | G9: =IF(E9="","Yes",IF($C$2>=E9,"Yes","Not yet")) -> Yes | H9: None (real greenhouses and farms) | I9: — | J9: Multi Pass – Tier 2 | K9: No | L9: No | N9: 5 | O9: #6 of 20
A10: EPCOT | B10: World Showcase – Norway | C10: Frozen Ever After | D10: Boat dark ride (small drops) | F10: No minimum | G10: =IF(E10="","Yes",IF($C$2>=E10,"Yes","Not yet")) -> Yes | H10: Frozen (2013) | I10: Frozen (2013), PG. The ride is set after the film; the short Frozen Fever (2015) fits too. Mildly scary bits: wolves and Marshmallow the snow monster, who also appears on the ride. | J10: Multi Pass – Tier 1 | K10: No | L10: No | M10: No Frozen ride in California | N10: 6 | O10: #7 of 20 | P10: WiD moved it up after the animatronic faces were fixed.
A11: EPCOT | B11: World Showcase – France | C11: Remy's Ratatouille Adventure | D11: Trackless 3D dark ride | F11: No minimum | G11: =IF(E11="","Yes",IF($C$2>=E11,"Yes","Not yet")) -> Yes | H11: Ratatouille (2007, Pixar) | I11: Ratatouille (2007), G. On the ride you're rat-sized and get chased around Gusteau's kitchen: mostly silly, but loud and dark in spots. | J11: Multi Pass – Tier 1 | K11: Yes | L11: No | M11: Otherwise only at Disneyland Paris | N11: 7 | O11: #8 of 20 | P11: Single rider (added in Nov 2024): everyone must be 7+.
A12: EPCOT | B12: World Showcase – Mexico | C12: Gran Fiesta Tour Starring the Three Caballeros | D12: Gentle indoor boat ride | F12: No minimum | G12: =IF(E12="","Yes",IF($C$2>=E12,"Yes","Not yet")) -> Yes | H12: The Three Caballeros (1944) | I12: The Three Caballeros (1944 Disney film, on Disney+). Stars Donald Duck, José Carioca and Panchito; any Donald Duck cartoon is enough prep. | J12: None | K12: No | L12: No | N12: 8 | O12: #11 of 20
A13: EPCOT | B13: World Discovery | C13: Mission: SPACE | D13: Motion simulator; Orange = intense centrifuge, Green = milder | E13: 40 | F13: 40" for Green (milder); 44" for Orange (intense centrifuge) | G13: =IF(E13="","Yes",IF($C$2>=E13,"Yes","Not yet")) -> Not yet | H13: None (original Mars mission) | I13: — | J13: Multi Pass – Tier 2 | K13: No | L13: No | N13: 9 | O13: #13 of 20
A14: EPCOT | B14: World Celebration | C14: Journey Into Imagination with Figment | D14: Slow dark ride | F14: No minimum | G14: =IF(E14="","Yes",IF($C$2>=E14,"Yes","Not yet")) -> Yes | H14: None (Figment is an original EPCOT character) | I14: — | J14: Multi Pass – Tier 2 | K14: No | L14: No | N14: 10 | O14: #17 of 20
A15: EPCOT | B15: World Nature | C15: The Seas with Nemo & Friends | D15: Slow clamshell omnimover dark ride + aquarium | F15: No minimum | G15: =IF(E15="","Yes",IF($C$2>=E15,"Yes","Not yet")) -> Yes | H15: Finding Nemo (2003, Pixar) | I15: Finding Nemo (2003), G. The shark and anglerfish scenes are a bit scary for little ones. | J15: Multi Pass – Tier 2 | K15: No | L15: Same IP only | M15: Disneyland's Finding Nemo Submarine Voyage is a different ride | N15: 11 | O15: #18 of 20
A16: Animal Kingdom | B16: Africa | C16: Kilimanjaro Safaris | D16: Open-truck safari through animal savanna | F16: No minimum | G16: =IF(E16="","Yes",IF($C$2>=E16,"Yes","Not yet")) -> Yes | H16: None (real live animals) | I16: No movie needed. An African-animals picture book or nature show is a nice primer. | J16: Multi Pass (Animal Kingdom has no tiers) | K16: No | L16: No | N16: 1 | O16: #1 of 8 | P16: Wandering in Disney's #1 in the park.
A17: Animal Kingdom | B17: Pandora | C17: Avatar Flight of Passage | D17: 3D flying simulator (motorcycle-style seat) | E17: 44 | G17: =IF(E17="","Yes",IF($C$2>=E17,"Yes","Not yet")) -> Not yet | H17: Avatar (2009) | I17: Avatar (2009), PG-13. Grown-ups only. | J17: Lightning Lane Single Pass only (separate purchase) | K17: No | L17: No | N17: 2 | O17: #2 of 8
A18: Animal Kingdom | B18: Asia | C18: Expedition Everest | D18: Coaster (forwards and backwards) | E18: 44 | G18: =IF(E18="","Yes",IF($C$2>=E18,"Yes","Not yet")) -> Not yet | H18: None (original yeti legend) | I18: — | J18: Multi Pass (Animal Kingdom has no tiers) | K18: No (ended Sept 21, 2026) | L18: No | M18: Matterhorn (Disneyland) is a different mountain coaster | N18: 3 | O18: #3 of 8 | P18: Yeti animatronic still not working properly. Single rider line ended Sept 2026.
A19: Animal Kingdom | B19: Pandora | C19: Na'vi River Journey | D19: Slow indoor boat ride | F19: No minimum | G19: =IF(E19="","Yes",IF($C$2>=E19,"Yes","Not yet")) -> Yes | H19: Avatar (2009) | I19: Skip the movie for Florence (PG-13). The ride is a calm, glowing-jungle boat trip that needs no backstory. | J19: Multi Pass (Animal Kingdom has no tiers) | K19: No | L19: No | N19: 4 | O19: #6 of 8
A20: Animal Kingdom | B20: Asia | C20: Kali River Rapids | D20: River rapids raft (you will get soaked) | E20: 38 | G20: =IF(E20="","Yes",IF($C$2>=E20,"Yes","Not yet")) -> Not yet | H20: None | I20: — | J20: Multi Pass (Animal Kingdom has no tiers) | K20: No | L20: Partial | M20: Similar raft ride: Grizzly River Run at DCA | N20: 5 | O20: #7 of 8
A21: Animal Kingdom | B21: Africa → Rafiki's Planet Watch | C21: Wildlife Express Train | D21: Short train ride to Conservation Station / Bluey's Wild World | F21: No minimum | G21: =IF(E21="","Yes",IF($C$2>=E21,"Yes","Not yet")) -> Yes | H21: Bluey (TV series), since 2026 | I21: Bluey (TV-Y, Disney+). Bluey audio plays on the train, and it takes you to Bluey's Wild World. The easiest watch-ahead on this list. | J21: None (a virtual queue was used for Bluey's Wild World access at launch) | K21: No | L21: No | O21: Not ranked | P21: WiD doesn't rank it. Now the only way to reach Bluey's Wild World (opened May 26, 2026), with Bluey audio on board.
A22: Epic Universe | B22: Ministry of Magic (Harry Potter) | C22: Harry Potter and the Battle at the Ministry | D22: Trackless lift-vehicle dark ride | E22: 40 | G22: =IF(E22="","Yes",IF($C$2>=E22,"Yes","Not yet")) -> Not yet | H22: Harry Potter (set just after Deathly Hallows); the land is 1920s Paris from Fantastic Beasts | I22: Order of the Phoenix (2007), PG-13: introduces Umbridge and the Ministry of Magic. Grown-ups only. | J22: Universal Express (since Aug 2025) | K22: Yes | L22: Same IP only | M22: Universal Studios Hollywood has different HP rides (Forbidden Journey, Hippogriff) | N22: 1 | O22: #1 of 11 | P22: Wandering in Disney's #1 in the park. Single rider skips the pre-shows, so don't use it on your first ride.
A23: Epic Universe | B23: Dark Universe | C23: Monsters Unchained: The Frankenstein Experiment | D23: Robot-arm dark ride | E23: 48 | G23: =IF(E23="","Yes",IF($C$2>=E23,"Yes","Not yet")) -> Not yet | H23: Universal Classic Monsters (Frankenstein, Dracula, etc.) | I23: Frankenstein (1931) / Bride of Frankenstein (1935). Grown-ups only. | J23: Universal Express | K23: Yes | L23: No | N23: 2 | O23: #2 of 11
A24: Epic Universe | B24: Celestial Park | C24: Stardust Racers | D24: Dual-launch racing coaster | E24: 48 | G24: =IF(E24="","Yes",IF($C$2>=E24,"Yes","Not yet")) -> Not yet | H24: None (original) | I24: — | J24: Universal Express | K24: Yes | L24: No | N24: 3 | O24: #3 of 11
A25: Epic Universe | B25: Super Nintendo World – Donkey Kong Country | C25: Mine-Cart Madness | D25: Family coaster with mine-cart 'jumps' | E25: 40 | G25: =IF(E25="","Yes",IF($C$2>=E25,"Yes","Not yet")) -> Not yet | H25: Donkey Kong Country (Nintendo) | I25: The Super Mario Bros. Movie (2023), PG, which features Donkey Kong. Florence can't ride yet, but can see Donkey Kong's land. | J25: Universal Express (since Aug 2025) | K25: Yes | L25: No | M25: Otherwise only at Universal Studios Japan | N25: 4 | O25: #4 of 11
A26: Epic Universe | B26: Super Nintendo World | C26: Mario Kart: Bowser's Challenge | D26: AR/3D interactive dark ride | E26: 40 | G26: =IF(E26="","Yes",IF($C$2>=E26,"Yes","Not yet")) -> Not yet | H26: Mario Kart / Super Mario (Nintendo) | I26: The Super Mario Bros. Movie (2023), PG: Mario, Bowser, and a Rainbow Road kart race. | J26: Universal Express | K26: Yes | L26: Yes | M26: Same ride at Universal Studios Hollywood's Super Nintendo World | N26: 5 | O26: #5 of 11
A27: Epic Universe | B27: Isle of Berk (How to Train Your Dragon) | C27: Hiccup's Wing Gliders | D27: Launched family coaster | E27: 40 | G27: =IF(E27="","Yes",IF($C$2>=E27,"Yes","Not yet")) -> Not yet | H27: How to Train Your Dragon | I27: How to Train Your Dragon (2010, animated), PG. | J27: Universal Express | K27: Yes (reported dropped at times) | L27: No | N27: 6 | O27: #6 of 11 | P27: Single rider availability has been inconsistent; check the app.
A28: Epic Universe | B28: Celestial Park | C28: Constellation Carousel | D28: Carousel | F28: No minimum; under 48" need a supervising companion | G28: =IF(E28="","Yes",IF($C$2>=E28,"Yes","Not yet")) -> Yes | H28: None (original constellation creatures) | I28: — | J28: Universal Express | K28: No | L28: No | N28: 7 | O28: #7 of 11 | P28: Best at night, when the ceiling lights up.
A29: Epic Universe | B29: Dark Universe | C29: Curse of the Werewolf | D29: Spinning family coaster | E29: 40 | F29: 40"–48" need a supervising companion | G29: =IF(E29="","Yes",IF($C$2>=E29,"Yes","Not yet")) -> Not yet | H29: Universal Classic Monsters: The Wolf Man (1941) | I29: The Wolf Man (1941). Grown-ups only. | J29: Universal Express | K29: Yes | L29: No | N29: 8 | O29: #8 of 11
A30: Epic Universe | B30: Super Nintendo World | C30: Yoshi's Adventure | D30: Slow kiddie ride | E30: 34 | F30: Under 48" need a supervising companion | G30: =IF(E30="","Yes",IF($C$2>=E30,"Yes","Not yet")) -> Yes | H30: Super Mario (Nintendo): Yoshi | I30: The Super Mario Galaxy Movie (2026), PG: Yoshi's first big movie role (voiced by Donald Glover). | J30: Universal Express | K30: No | L30: No | M30: Otherwise only at Universal Studios Japan (not in Hollywood) | N30: 9 | O30: #9 of 11 | P30: Probably the one Epic Universe ride with a height limit that Florence can do.
A31: Epic Universe | B31: Isle of Berk (How to Train Your Dragon) | C31: Dragon Racer's Rally | D31: Rider-controlled flying/barrel-roll ride | E31: 48 | G31: =IF(E31="","Yes",IF($C$2>=E31,"Yes","Not yet")) -> Not yet | H31: How to Train Your Dragon | I31: How to Train Your Dragon (2010, animated), PG. | J31: Not on Express (as of last report) | K31: No | L31: No | N31: 10 | O31: #10 of 11 | P31: Low capacity.
A32: Epic Universe | B32: Isle of Berk (How to Train Your Dragon) | C32: Fyre Drill | D32: Interactive water boat ride (you'll get wet) | F32: No minimum; under 48" need a supervising companion | G32: =IF(E32="","Yes",IF($C$2>=E32,"Yes","Not yet")) -> Yes | H32: How to Train Your Dragon (the Viking village of Berk) | I32: How to Train Your Dragon (2010, animated), PG: Hiccup, Toothless and Berk. There's also a 2025 live-action remake (PG). Some intense dragon-battle scenes. | J32: Universal Express | K32: No | L32: No | N32: 11 | O32: #11 of 11 | P32: Scheduled refurbishment Jan 25 – Feb 4, 2027.
A34: Rides Florence can do now:
A35: EPCOT | B35: =COUNTIFS($A$5:$A$32,A35,$G$5:$G$32,"Yes")&" of "&COUNTIF($A$5:$A$32,A35) -> 7 of 11
A36: Animal Kingdom | B36: =COUNTIFS($A$5:$A$32,A36,$G$5:$G$32,"Yes")&" of "&COUNTIF($A$5:$A$32,A36) -> 3 of 6
A37: Epic Universe | B37: =COUNTIFS($A$5:$A$32,A37,$G$5:$G$32,"Yes")&" of "&COUNTIF($A$5:$A$32,A37) -> 3 of 11

Sheet Florence watch list
A1: Pre-trip watch list for Florence (rides she can do at her current height)
A2: Roughly easiest/most toddler-friendly first. The 'Can ride?' column looks up the Rides tab, so it follows the height cell.
A4: Watch | B4: Rating | C4: Sets up this ride | D4: Park | E4: Florence can ride? | F4: Notes
A5: Bluey (any episodes) | B5: TV-Y | C5: Wildlife Express Train | D5: Animal Kingdom | E5: =IFERROR(INDEX(Rides!$G$5:$G$32,MATCH(C5,Rides!$C$5:$C$32,0)),"?") -> Yes | F5: Train to Bluey's Wild World, with Bluey audio on board.
A6: Finding Nemo (2003) | B6: G | C6: The Seas with Nemo & Friends | D6: EPCOT | E6: =IFERROR(INDEX(Rides!$G$5:$G$32,MATCH(C6,Rides!$C$5:$C$32,0)),"?") -> Yes | F6: Shark/anglerfish scenes are a little scary.
A7: Ratatouille (2007) | B7: G | C7: Remy's Ratatouille Adventure | D7: EPCOT | E7: =IFERROR(INDEX(Rides!$G$5:$G$32,MATCH(C7,Rides!$C$5:$C$32,0)),"?") -> Yes | F7: The ride's chase scenes are loud/dark in spots.
A8: Frozen (2013) + Frozen Fever short (2015) | B8: PG | C8: Frozen Ever After | D8: EPCOT | E8: =IFERROR(INDEX(Rides!$G$5:$G$32,MATCH(C8,Rides!$C$5:$C$32,0)),"?") -> Yes | F8: Wolves and Marshmallow the snow monster may scare her.
A9: The Three Caballeros (1944) or Donald Duck shorts | B9: Not rated (1944) | C9: Gran Fiesta Tour Starring the Three Caballeros | D9: EPCOT | E9: =IFERROR(INDEX(Rides!$G$5:$G$32,MATCH(C9,Rides!$C$5:$C$32,0)),"?") -> Yes | F9: Short, gentle ride; Donald familiarity is plenty.
A10: The Super Mario Galaxy Movie (2026) | B10: PG | C10: Yoshi's Adventure | D10: Epic Universe | E10: =IFERROR(INDEX(Rides!$G$5:$G$32,MATCH(C10,Rides!$C$5:$C$32,0)),"?") -> Yes | F10: Yoshi's big role. The 2023 Super Mario Bros. Movie (PG) covers the rest of Super Nintendo World.
A11: How to Train Your Dragon (2010, animated) | B11: PG | C11: Fyre Drill | D11: Epic Universe | E11: =IFERROR(INDEX(Rides!$G$5:$G$32,MATCH(C11,Rides!$C$5:$C$32,0)),"?") -> Yes | F11: Some intense dragon battles; Toothless and Berk feature heavily in the land.

Sheet Ranked non-rides
A1: Attractions Wandering in Disney ranks that aren't rides (excluded from the Rides tab)
A3: Park | B3: Attraction | C3: Type | D3: Wandering in Disney rank (all attractions in park)
A4: EPCOT | B4: Impressions de France | C4: Film (World Showcase) | D4: #2 of 20
A5: EPCOT | B5: Journey of Water, Inspired by Moana | C5: Walk-through water trail | D5: #9 of 20
A6: EPCOT | B6: The American Adventure | C6: Audio-animatronic stage show | D6: #10 of 20
A7: EPCOT | B7: Reflections of China | C7: Circle-Vision 360 film | D7: #12 of 20
A8: EPCOT | B8: Canada Far and Wide | C8: Circle-Vision 360 film | D8: #14 of 20
A9: EPCOT | B9: Awesome Planet | C9: Film | D9: #15 of 20
A10: EPCOT | B10: Turtle Talk with Crush | C10: Interactive show | D10: #16 of 20
A11: EPCOT | B11: Disney & Pixar Short Film Festival | C11: 3D film | D11: #19 of 20
A12: EPCOT | B12: Beauty and the Beast Sing-Along | C12: Film / sing-along | D12: #20 of 20
A13: Animal Kingdom | B13: Maharajah Jungle Trek | C13: Walking trail (tigers, etc.) | D13: #4 of 8
A14: Animal Kingdom | B14: Gorilla Falls Exploration Trail | C14: Walking trail (gorillas, hippos) | D14: #5 of 8
A15: Animal Kingdom | B15: Zootopia: Better Zoogether! | C15: 3D theater show | D15: #8 of 8
A17: Recently closed at Animal Kingdom (don't plan on these):
A18: DINOSAUR closed Feb 2, 2026 and TriceraTop Spin closed Jan 2026. DinoLand is becoming 'Tropical Americas', with 'Indiana Jones and the Myth of the Jade Serpent' expected around 2027.

Sheet Sources & Notes
A1: How to read the Rides tab
A2: Min height (in) | B2: Blank = no minimum. Mission: SPACE lists the 40" Green side; Orange needs 44".
A3: Florence can ride? | B3: Formula comparing the yellow cell on the Rides tab against Min height. Disney and Universal measure at the ride entrance, in shoes. Universal also requires a supervising companion for kids under 48" on most rides.
A4: Parent swap | B4: Disney (Rider Switch) and Universal (Child Swap) both let one adult ride while the other waits with Florence, and then the second adult rides without re-queuing. It's offered on most height-restricted rides.
A5: Line-skip (Disney) | B5: Lightning Lane Multi Pass: EPCOT has tiers (you pick 1 Tier 1 + 2 Tier 2 in advance); Animal Kingdom has no tiers. Cosmic Rewind and Flight of Passage are Single Pass only (paid separately, per ride). Tier assignments shift, so check the My Disney Experience app before you book.
A6: Line-skip (Universal) | B6: Epic Universe Express is its own paid product: one use per ride, about $130–$350+/day depending on the date. Free Express Unlimited for Universal's premier-hotel guests does NOT cover Epic Universe. Express list is from Universal's Aug 2025 expansion (12 attractions, everything but Dragon Racer's Rally).
A7: Single rider | B7: Availability changes day to day at both resorts. Disney's single rider lines require every rider to be 7+. Epic Universe's lines are reported to save time unevenly.
A8: California duplicates | B8: Compared against Disneyland, Disney California Adventure (DCA) and Universal Studios Hollywood. Yes = essentially the same ride; Partial = same ride system or very similar experience; Same IP only = same franchise but a different ride.
A9: Wandering in Disney rank | B9: 'Rides only' re-numbers the blog's list after dropping films/shows/trails. 'All attractions' is the blog's own number (it ranks films and walk-throughs but not live shows or character meets).
A11: Sources
A12: WiD – EPCOT (May 26, 2026) | B12: https://wanderingindisney.com/2026/05/26/epcot-attraction-rankings/
A13: WiD – Animal Kingdom (Aug 9, 2026) | B13: https://wanderingindisney.com/2026/08/09/disneys-animal-kingdom-attraction-rankings/
A14: WiD – Epic Universe (Jul 20, 2026) | B14: https://wanderingindisney.com/2026/07/20/epic-universe-attraction-rankings/
A15: Epic Universe heights | B15: https://www.universalorlando.com/web/en/us/plan-your-visit/hours-information/ride-height-requirements ; https://touringplans.com/epic-universe/attractions/height-requirements
A16: Epic Universe Express | B16: https://wdwnt.com/2025/08/two-more-rides-added-express-pass-epic-universe/
A17: Epic Universe single rider | B17: https://www.disneytouristblog.com/single-rider-lines-epic-universe-universal-orlando/
A18: EPCOT Lightning Lane / single rider | B18: https://www.mousehacking.com/blog/epcot-lightning-lanes-rides-and-strategy
A19: Animal Kingdom Lightning Lane | B19: https://www.mousehacking.com/blog/animal-kingdom-lightning-lanes-rides-and-strategy
A20: Everest single rider ending | B20: https://www.disneytouristblog.com/disney-world-confirms-single-rider-is-ending-at-expedition-everest/
A21: Soarin' Across America | B21: https://www.wdwinfo.com/news-stories/reimagined-soarin-across-america-now-open-at-disneyland/
A22: Wildlife Express / Bluey | B22: https://blogmickey.com/2026/05/bluey-audio-now-playing-on-wildlife-express-train-at-animal-kingdom/
A23: Spaceship Earth reimagining | B23: https://insidethemagic.net/2026/08/official-disney-reveals-historic-spaceship-earth-replacement-at-d23-after-43-years-sb1/
... A26: Caveat | B26: Researched Oct 13, 2026 from blogs and fan sites, not official park pages, for most line-skip and single-rider details. Check the official apps a week or two before the trip for refurbishment closures.
